<?xml version="1.0" encoding="windows-1252"?>
<Collection name="_tmpExport" guid="{2739F790-A558-4709-BCFF-63C67516736F}" system="No" updatable="Yes" blockNavigatorNode="No">
	<HelpLink></HelpLink>
	<Help></Help>
	<data>
		<record content="mobile providers" guid="{95FCF45F-5B6A-45AC-BCA6-FB2E7EA6491C}" name="AT&amp;T">
			<field name="ACTIVE">True</field>
			<field name="SORTORDER"></field>
			<field name="emailExtension"><![CDATA[@txt.att.net]]></field>
		</record>
		<record content="mobile providers" guid="{0E4B18FA-E16B-4D6C-8283-7B27D5A3DD2E}" name="Verizon">
			<field name="ACTIVE">True</field>
			<field name="SORTORDER"></field>
			<field name="emailExtension"><![CDATA[@vtext.com]]></field>
		</record>
		<record content="mobile providers" guid="{CA554563-D77F-4DBB-8463-8BFC4D6A7005}" name="Sprint">
			<field name="ACTIVE">True</field>
			<field name="SORTORDER"></field>
			<field name="emailExtension"><![CDATA[@pm.sprint.com]]></field>
		</record>
		<record content="mobile providers" guid="{B0F4D578-A494-4C63-890C-CB0826C6FA65}" name="U.S. Cellular">
			<field name="ACTIVE">True</field>
			<field name="SORTORDER"></field>
			<field name="emailExtension"><![CDATA[@email.uscc.net]]></field>
		</record>
		<record content="mobile providers" guid="{85865147-832B-44B4-ACAA-569DACC8DA35}" name="Tracfone">
			<field name="ACTIVE">True</field>
			<field name="SORTORDER"></field>
			<field name="emailExtension"><![CDATA[@mmst5.tracfone.com]]></field>
		</record>
		<record content="mobile providers" guid="{40EB430E-704F-4A8C-A22E-FA43206F1269}" name="Suncom">
			<field name="ACTIVE">True</field>
			<field name="SORTORDER"></field>
			<field name="emailExtension"><![CDATA[@tms.suncom.com]]></field>
		</record>
		<record content="mobile providers" guid="{1EE718EE-3A59-4D88-92B2-E4084DFC3605}" name="Boost Mobile">
			<field name="ACTIVE">True</field>
			<field name="SORTORDER"></field>
			<field name="emailExtension"><![CDATA[@myboostmobile.com]]></field>
		</record>
		<record content="mobile providers" guid="{7E28C450-C423-4FDE-A3AE-8DDDA916BACC}" name="Powertel">
			<field name="ACTIVE">True</field>
			<field name="SORTORDER"></field>
			<field name="emailExtension"><![CDATA[@ptel.com]]></field>
		</record>
		<record content="mobile providers" guid="{1A4D942C-6476-47C2-AC02-6A27A9CA5922}" name="Metro PCS">
			<field name="ACTIVE">True</field>
			<field name="SORTORDER"></field>
			<field name="emailExtension"><![CDATA[@mymetropcs.com]]></field>
		</record>
		<record content="mobile providers" guid="{1595C127-9898-463A-95B5-05D7F1E198E2}" name="Alltel">
			<field name="ACTIVE">True</field>
			<field name="SORTORDER"></field>
			<field name="emailExtension"><![CDATA[@message.alltel.com]]></field>
		</record>
		<record content="mobile providers" guid="{9FD3D44F-0B7A-451C-A0EB-76DFC0DBB053}" name="Nextel">
			<field name="ACTIVE">True</field>
			<field name="SORTORDER"></field>
			<field name="emailExtension"><![CDATA[@messaging.nextel.com]]></field>
		</record>
		<record content="mobile providers" guid="{E000115E-1C12-4688-81A9-8D4ECA87213D}" name="Virgin Mobile">
			<field name="ACTIVE">True</field>
			<field name="SORTORDER"></field>
			<field name="emailExtension"><![CDATA[@vmobl.com]]></field>
		</record>
		<record content="mobile providers" guid="{CC75F0E8-2649-4CDE-8A60-26FE687BC7BD}" name="T-Mobile">
			<field name="ACTIVE">True</field>
			<field name="SORTORDER"></field>
			<field name="emailExtension"><![CDATA[@tmomail.net]]></field>
		</record>
		<record content="mobile providers" guid="{D0553BC8-5CFE-417F-A21D-0439CA788545}" name="QWest">
			<field name="ACTIVE">True</field>
			<field name="SORTORDER"></field>
			<field name="emailExtension"><![CDATA[@qwestmp.com]]></field>
		</record>
	</data>
	<CDef Name="Mobile Providers" Active="1" AdminOnly="0" AllowAdd="1" AllowCalendarEvents="0" AllowContentChildTool="0" AllowContentTracking="0" AllowDelete="1" AllowMetaContent="0" AllowTopicRules="0" AllowWorkflowAuthoring="0" AuthoringDataSourceName="Default" AuthoringTableName="mobileProviders" ContentDataSourceName="Default" ContentTableName="mobileProviders" DefaultSortMethod="By Name" DeveloperOnly="0" DropDownFieldList="Name" EditorGroupName="Content Editors" Parent="" IconLink="" IconHeight="0" IconWidth="0" IconSprites="0" isbasecontent="0" guid="{5D8D733D-9DA0-4F8C-9F46-D0B565465FF3}" >
		<Field Name="Name" active="True" AdminOnly="False" Authorable="True" Caption="Name" DeveloperOnly="False" EditSortPriority="110" FieldType="Text" HTMLContent="False" IndexColumn="0" IndexSortDirection="" IndexSortOrder="0" IndexWidth="0" RedirectID="0" RedirectPath="" Required="False" TextBuffered="False" UniqueName="False" DefaultValue="" RSSTitle="False" RSSDescription="False" MemberSelectGroupID="0" EditTab="" Scramble="False" LookupList="" NotEditable="False" Password="False" ReadOnly="False" ManyToManyRulePrimaryField="" ManyToManyRuleSecondaryField="" IsModified="False" IsBaseField="False" LookupContent="" RedirectContent="" ManyToManyContent="" ManyToManyRuleContent="" ></Field>
		<Field Name="Active" active="True" AdminOnly="False" Authorable="True" Caption="Active" DeveloperOnly="False" EditSortPriority="200" FieldType="Boolean" HTMLContent="False" IndexColumn="0" IndexSortDirection="" IndexSortOrder="0" IndexWidth="0" RedirectID="0" RedirectPath="" Required="False" TextBuffered="False" UniqueName="False" DefaultValue="1" RSSTitle="False" RSSDescription="False" MemberSelectGroupID="0" EditTab="" Scramble="False" LookupList="" NotEditable="False" Password="False" ReadOnly="False" ManyToManyRulePrimaryField="" ManyToManyRuleSecondaryField="" IsModified="False" IsBaseField="False" LookupContent="" RedirectContent="" ManyToManyContent="" ManyToManyRuleContent="" ></Field>
		<Field Name="SortOrder" active="True" AdminOnly="False" Authorable="False" Caption="Alpha Sort Order" DeveloperOnly="False" EditSortPriority="2000" FieldType="Text" HTMLContent="False" IndexColumn="0" IndexSortDirection="" IndexSortOrder="0" IndexWidth="0" RedirectID="0" RedirectPath="" Required="False" TextBuffered="False" UniqueName="False" DefaultValue="" RSSTitle="False" RSSDescription="False" MemberSelectGroupID="0" EditTab="" Scramble="False" LookupList="" NotEditable="False" Password="False" ReadOnly="False" ManyToManyRulePrimaryField="" ManyToManyRuleSecondaryField="" IsModified="False" IsBaseField="False" LookupContent="" RedirectContent="" ManyToManyContent="" ManyToManyRuleContent="" ></Field>
		<Field Name="emailExtension" active="True" AdminOnly="False" Authorable="True" Caption="Email Extension" DeveloperOnly="False" EditSortPriority="210" FieldType="Text" HTMLContent="False" IndexColumn="0" IndexSortDirection="" IndexSortOrder="0" IndexWidth="" RedirectID="" RedirectPath="" Required="False" TextBuffered="False" UniqueName="False" DefaultValue="" RSSTitle="False" RSSDescription="False" MemberSelectGroupID="0" EditTab="" Scramble="False" LookupList="" NotEditable="False" Password="False" ReadOnly="False" ManyToManyRulePrimaryField="" ManyToManyRuleSecondaryField="" IsModified="False" IsBaseField="False" LookupContent="" RedirectContent="" ManyToManyContent="" ManyToManyRuleContent="" ></Field>
	</CDef>
</Collection>