<?xml version="1.0" encoding="windows-1252"?>
<Collection name="Text Messaging" guid="{20202F83-0EF9-48F5-B8AA-3A5E009C231D}" system="No" updatable="Yes" blockNavigatorNode="No">
	<HelpLink></HelpLink>
	<Help></Help>
	<Addon name="Send Text Message" guid="{8028DCFC-92CE-4605-A884-4FB1C939841B}" type="Add-on">
		<Copy></Copy>
		<CopyText></CopyText>
		<ActiveXProgramID></ActiveXProgramID>
		<DotNetClass></DotNetClass>
		<ArgumentList></ArgumentList>
		<AsAjax>No</AsAjax>
		<Filter>No</Filter>
		<Help></Help>
		<HelpLink></HelpLink>
		<Icon Link="" width="0" height="0" sprites="0" />
		<InIframe>No</InIframe>
		<BlockEditTools>No</BlockEditTools>
		<FormXML></FormXML>
		<IsInline>No</IsInline>
		<JavascriptOnLoad></JavascriptOnLoad>
		<JavascriptInHead></JavascriptInHead>
		<JavascriptBodyEnd></JavascriptBodyEnd>
		<MetaDescription></MetaDescription>
		<OtherHeadTags></OtherHeadTags>
		<Content>No</Content>
		<Template>No</Template>
		<Email>No</Email>
		<Admin>No</Admin>
		<OnPageEndEvent>No</OnPageEndEvent>
		<OnPageStartEvent>No</OnPageStartEvent>
		<OnBodyStart>No</OnBodyStart>
		<OnBodyEnd>No</OnBodyEnd>
		<RemoteMethod>No</RemoteMethod>
		<ProcessRunOnce>No</ProcessRunOnce>
		<ProcessInterval>0</ProcessInterval>
		<PageTitle></PageTitle>
		<RemoteAssetLink></RemoteAssetLink>
		<Styles><![CDATA[#stWrapper
{
	width: 700px;
	margin: 50px auto;
	background-color: white;
	padding: 20px;
}
#stWrapper *
{
	font-size: 12px;
	font-face: arial;
}
#stWrapper h2
{
	font-size: 14px;
	padding: 0;
	margin: 0;
}
#stWrapper .stFromAddressHeader,
#stWrapper .stMessageHeader,
#stWrapper .stGroupHeader
{
	padding: 20px 0 10px 0;
	text-transform: uppercase;
	font-size: 10px;
	color: black;
}
#stWrapper #stMessage
{
	width: 600px;
	height: 40px;
	padding: 10px;
}
#stWrapper ul#stGroupList
{
	list-style-type: none;
	margin: 0;
	padding: 0;
}
#stWrapper ul#stGroupList li
{
	list-style-type: none;
	margin: 10px 0 0 0;
	padding: 0;
	width: 400px;
	display: inline-block;
}
#stWrapper ul#stGroupList li label
{
	
}
#stWrapper ul#stGroupList li label input[type=checkbox]
{
	margin: 0 20px 0 0;
}
#stWrapper .stSendButtonRow
{
margin: 20px 0 0 0;
}
#stWrapper .stSendButtonRow button
{
	border: 1px solid #48e;
	padding: 4px;
	font-size: 12px;
	display: inline-block;
	width: 100px;
	background-color: #48e;
	color: #eee;
	font-weight: bold;
	text-decoration: none;
	text-align: center;
	vertical-align: middle;
	line-height: 28px;
	margin: 0 10px 0 0;
}

#stMessageSent
{
	display:none;
	padding: 20px 0 0 20px;
}
#stWrapper .stInputRow
{
	margin: 0 0 0 20px;
}]]></Styles>
		<Scripting Language="" EntryPoint="" Timeout="5000">
			<Code><![CDATA[
option explicit

function m
	dim form,cs,list,ptr,cnt,message,groupIdList,messageTemplate,groupId,sql,fromAddress,progress,js,emailExtension,toAddress
	set form = cp.blockNew()
	set cs = cp.csNew()
	m = ""
	progress=""
	'
	cnt = cp.doc.getinteger( "groupCnt" )
	if cnt>0 then
		'
		' form submitted
		'
		groupIdList = ","
		for ptr=0 to cnt-1
			groupId = cp.doc.getInteger( "group" & ptr )
			if groupId<>0 then
				groupIdList = groupIdList & groupId & ","
			end if
		next
		messageTemplate = cp.doc.getText( "message" )
		fromAddress = cp.doc.getText( "fromAddress" )
		if ( groupIdList<>"," ) and ( messageTemplate <> "" ) then
			
			groupIdList = mid( groupIdList, 2, len( groupIdList )-2 )
			sql = "select u.*,p.emailExtension from ccmembers u left join mobileProviders p on p.id=u.mobileProviderId where u.id in (select distinct u.id from ccmembers u left join ccmemberrules r on r.memberid=u.id where (u.cellphone is not null) and (r.groupid in (" & groupIdList & ")))"
			if cs.openSql( sql ) then
				do
					emailExtension = cs.getText( "emailExtension" )
					toAddress =  cs.gettext( "cellphone" ) & emailExtension
					message = encodeMessage( cs, messageTemplate )
					progress = progress & "<div>sending message to " & cs.getText( "name" ) & " at [" & toaddress & "], [" & message & "]</div>"
					call cp.email.send( toAddress, fromAddress, "", message )
					call cs.gonext()
				loop while cs.ok()
			end if
			call cs.close()
		end if
	else
		'
		' no submit
		'
	end if
	'
	call form.openLayout( "Send Text Message Form" )
	'
	list = ""
	ptr = 0
	if cs.open( "groups" ) then
		do
			list = list & vbcrlf & vbtab & "<li><label><input type=""checkbox"" name=""group" & ptr & """ value=""" & cs.gettext( "id" ) & """>" & cs.gettext( "caption" ) & "</label></li>"
			call cs.gonext()
			ptr = ptr + 1
		loop while cs.ok
		list = list & cp.html.hidden( "groupCnt", ptr )
	end if
	call cs.close
	call form.setInner("#stGroupList", list )
	'
	if progress<>"" then
		js = js & "jQuery(document).ready(function(){jQuery('#stMessageSent').html('" & progress & "');jQuery('#stMessageSent').show();}) "
	end if
	'
	m = m & form.getHtml()
	m = cp.html.form( m, "", "", "stForm" )
	call cp.doc.addHeadJavascript( cstr( js ))
end function
'
function encodeMessage( cs, messageTemplate )
	encodeMessage = messageTemplate
end function]]></Code>
		</Scripting>
	</Addon>
	<data>
		<record content="Mobile Providers" guid="{95FCF45F-5B6A-45AC-BCA6-FB2E7EA6491C}" name="AT&amp;T">
			<field name="ACTIVE">True</field>
			<field name="SORTORDER"></field>
			<field name="emailExtension"><![CDATA[@txt.att.net]]></field>
		</record>
		<record content="Mobile Providers" guid="{0E4B18FA-E16B-4D6C-8283-7B27D5A3DD2E}" name="Verizon">
			<field name="ACTIVE">True</field>
			<field name="SORTORDER"></field>
			<field name="emailExtension"><![CDATA[@vtext.com]]></field>
		</record>
		<record content="Mobile Providers" guid="{CA554563-D77F-4DBB-8463-8BFC4D6A7005}" name="Sprint">
			<field name="ACTIVE">True</field>
			<field name="SORTORDER"></field>
			<field name="emailExtension"><![CDATA[@pm.sprint.com]]></field>
		</record>
		<record content="Mobile Providers" guid="{B0F4D578-A494-4C63-890C-CB0826C6FA65}" name="U.S. Cellular">
			<field name="ACTIVE">True</field>
			<field name="SORTORDER"></field>
			<field name="emailExtension"><![CDATA[@email.uscc.net]]></field>
		</record>
		<record content="Mobile Providers" guid="{85865147-832B-44B4-ACAA-569DACC8DA35}" name="Tracfone">
			<field name="ACTIVE">True</field>
			<field name="SORTORDER"></field>
			<field name="emailExtension"><![CDATA[@mmst5.tracfone.com]]></field>
		</record>
		<record content="Mobile Providers" guid="{40EB430E-704F-4A8C-A22E-FA43206F1269}" name="Suncom">
			<field name="ACTIVE">True</field>
			<field name="SORTORDER"></field>
			<field name="emailExtension"><![CDATA[@tms.suncom.com]]></field>
		</record>
		<record content="Mobile Providers" guid="{1EE718EE-3A59-4D88-92B2-E4084DFC3605}" name="Boost Mobile">
			<field name="ACTIVE">True</field>
			<field name="SORTORDER"></field>
			<field name="emailExtension"><![CDATA[@myboostmobile.com]]></field>
		</record>
		<record content="Mobile Providers" guid="{7E28C450-C423-4FDE-A3AE-8DDDA916BACC}" name="Powertel">
			<field name="ACTIVE">True</field>
			<field name="SORTORDER"></field>
			<field name="emailExtension"><![CDATA[@ptel.com]]></field>
		</record>
		<record content="Mobile Providers" guid="{1A4D942C-6476-47C2-AC02-6A27A9CA5922}" name="Metro PCS">
			<field name="ACTIVE">True</field>
			<field name="SORTORDER"></field>
			<field name="emailExtension"><![CDATA[@mymetropcs.com]]></field>
		</record>
		<record content="Mobile Providers" guid="{1595C127-9898-463A-95B5-05D7F1E198E2}" name="Alltel">
			<field name="ACTIVE">True</field>
			<field name="SORTORDER"></field>
			<field name="emailExtension"><![CDATA[@message.alltel.com]]></field>
		</record>
		<record content="Mobile Providers" guid="{9FD3D44F-0B7A-451C-A0EB-76DFC0DBB053}" name="Nextel">
			<field name="ACTIVE">True</field>
			<field name="SORTORDER"></field>
			<field name="emailExtension"><![CDATA[@messaging.nextel.com]]></field>
		</record>
		<record content="Mobile Providers" guid="{E000115E-1C12-4688-81A9-8D4ECA87213D}" name="Virgin Mobile">
			<field name="ACTIVE">True</field>
			<field name="SORTORDER"></field>
			<field name="emailExtension"><![CDATA[@vmobl.com]]></field>
		</record>
		<record content="Mobile Providers" guid="{CC75F0E8-2649-4CDE-8A60-26FE687BC7BD}" name="T-Mobile">
			<field name="ACTIVE">True</field>
			<field name="SORTORDER"></field>
			<field name="emailExtension"><![CDATA[@tmomail.net]]></field>
		</record>
		<record content="Mobile Providers" guid="{D0553BC8-5CFE-417F-A21D-0439CA788545}" name="QWest">
			<field name="ACTIVE">True</field>
			<field name="SORTORDER"></field>
			<field name="emailExtension"><![CDATA[@qwestmp.com]]></field>
		</record>
		<record content="layouts" guid="{14E7ACF1-E7C1-4EDC-98A1-EFCDAEE12A7C}" name="Send Text Message Form">
			<field name="ACTIVE">True</field>
			<field name="SORTORDER"></field>
			<field name="Layout"><![CDATA[ <div id="stWrapper">
 <h2>Send Text Message</h2>
<div id="stMessageSent">Message Sent to User 1 - Hi {name}, did you get this?</div>
<div class="stFromAddressHeader">Email From-Address</div>
<div class="stInputRow">
	<input type="text" name="fromAddress" id="stFromAddress"></textarea>
</div>
<div class="stMessageHeader">Message</div>
<div class="stInputRow">
	<textarea name="message" id="stMessage"></textarea>
</div>
<div class="stGroupHeader">Select one or more groups.</div>
<div class="stInputRow">
	<ul id="stGroupList">
		<li>
			 <label>
				<input type="checkbox" id="group0">Group0 Caption
			</label>
		</li>
	</ul>
</div>	
<div class="stSendButtonRow">
	<button type="submit"id="stSendButton">Send</button>
	<button type="submit"id="stCancelButton">Cancel</button>
</div>
</div>]]></field>
			<field name="StylesFilename"></field>
		</record>
	</data>
	<CDef Name="People" guid="{C1985DC4-C985-4406-9934-61A911543454}" >
		<Field Name="cellPhone" active="True" AdminOnly="False" Authorable="True" Caption="Cell Phone" DeveloperOnly="False" EditSortPriority="1115" FieldType="Text" HTMLContent="False" IndexColumn="" IndexSortDirection="" IndexSortOrder="" IndexWidth="" RedirectID="" RedirectPath="" Required="False" TextBuffered="False" UniqueName="False" DefaultValue="" RSSTitle="False" RSSDescription="False" MemberSelectGroupID="" EditTab="" Scramble="False" LookupList="" NotEditable="False" Password="False" ReadOnly="False" ManyToManyRulePrimaryField="" ManyToManyRuleSecondaryField="" IsModified="True" IsBaseField="False" LookupContent="" RedirectContent="" ManyToManyContent="" ManyToManyRuleContent="" editorAddonId="" ></Field>
		<Field Name="mobileProviderId" active="True" AdminOnly="False" Authorable="True" Caption="Mobile Provider (for SMS)" DeveloperOnly="False" EditSortPriority="1116" FieldType="Lookup" HTMLContent="False" IndexColumn="" IndexSortDirection="" IndexSortOrder="" IndexWidth="" RedirectID="" RedirectPath="" Required="False" TextBuffered="False" UniqueName="False" DefaultValue="" RSSTitle="False" RSSDescription="False" MemberSelectGroupID="" EditTab="" Scramble="False" LookupList="" NotEditable="False" Password="False" ReadOnly="False" ManyToManyRulePrimaryField="" ManyToManyRuleSecondaryField="" IsModified="True" IsBaseField="False" LookupContent="Mobile Providers" RedirectContent="" ManyToManyContent="" ManyToManyRuleContent="" editorAddonId="" ></Field>
	</CDef>
	<CDef Name="Mobile Providers" Active="1" AdminOnly="0" AllowAdd="1" AllowCalendarEvents="0" AllowContentChildTool="0" AllowContentTracking="0" AllowDelete="1" AllowMetaContent="0" AllowTopicRules="0" AllowWorkflowAuthoring="0" AuthoringDataSourceName="Default" AuthoringTableName="mobileProviders" ContentDataSourceName="Default" ContentTableName="mobileProviders" DefaultSortMethod="By Name" DeveloperOnly="0" DropDownFieldList="Name" EditorGroupName="Content Editors" Parent="" IconLink="" IconHeight="0" IconWidth="0" IconSprites="0" isbasecontent="0" guid="{5D8D733D-9DA0-4F8C-9F46-D0B565465FF3}" >
		<Field Name="Name" active="True" AdminOnly="False" Authorable="True" Caption="Name" DeveloperOnly="False" EditSortPriority="110" FieldType="Text" HTMLContent="False" IndexColumn="0" IndexSortDirection="" IndexSortOrder="0" IndexWidth="0" RedirectID="0" RedirectPath="" Required="False" TextBuffered="False" UniqueName="False" DefaultValue="" RSSTitle="False" RSSDescription="False" MemberSelectGroupID="0" EditTab="" Scramble="False" LookupList="" NotEditable="False" Password="False" ReadOnly="False" ManyToManyRulePrimaryField="" ManyToManyRuleSecondaryField="" IsModified="False" IsBaseField="False" LookupContent="" RedirectContent="" ManyToManyContent="" ManyToManyRuleContent="" editorAddonId="" ></Field>
		<Field Name="Active" active="True" AdminOnly="False" Authorable="True" Caption="Active" DeveloperOnly="False" EditSortPriority="200" FieldType="Boolean" HTMLContent="False" IndexColumn="0" IndexSortDirection="" IndexSortOrder="0" IndexWidth="0" RedirectID="0" RedirectPath="" Required="False" TextBuffered="False" UniqueName="False" DefaultValue="1" RSSTitle="False" RSSDescription="False" MemberSelectGroupID="0" EditTab="" Scramble="False" LookupList="" NotEditable="False" Password="False" ReadOnly="False" ManyToManyRulePrimaryField="" ManyToManyRuleSecondaryField="" IsModified="False" IsBaseField="False" LookupContent="" RedirectContent="" ManyToManyContent="" ManyToManyRuleContent="" editorAddonId="" ></Field>
		<Field Name="SortOrder" active="True" AdminOnly="False" Authorable="False" Caption="Alpha Sort Order" DeveloperOnly="False" EditSortPriority="2000" FieldType="Text" HTMLContent="False" IndexColumn="0" IndexSortDirection="" IndexSortOrder="0" IndexWidth="0" RedirectID="0" RedirectPath="" Required="False" TextBuffered="False" UniqueName="False" DefaultValue="" RSSTitle="False" RSSDescription="False" MemberSelectGroupID="0" EditTab="" Scramble="False" LookupList="" NotEditable="False" Password="False" ReadOnly="False" ManyToManyRulePrimaryField="" ManyToManyRuleSecondaryField="" IsModified="False" IsBaseField="False" LookupContent="" RedirectContent="" ManyToManyContent="" ManyToManyRuleContent="" editorAddonId="" ></Field>
		<Field Name="emailExtension" active="True" AdminOnly="False" Authorable="True" Caption="Email Extension" DeveloperOnly="False" EditSortPriority="210" FieldType="Text" HTMLContent="False" IndexColumn="0" IndexSortDirection="" IndexSortOrder="0" IndexWidth="" RedirectID="" RedirectPath="" Required="False" TextBuffered="False" UniqueName="False" DefaultValue="" RSSTitle="False" RSSDescription="False" MemberSelectGroupID="0" EditTab="" Scramble="False" LookupList="" NotEditable="False" Password="False" ReadOnly="False" ManyToManyRulePrimaryField="" ManyToManyRuleSecondaryField="" IsModified="False" IsBaseField="False" LookupContent="" RedirectContent="" ManyToManyContent="" ManyToManyRuleContent="" editorAddonId="" ></Field>
	</CDef>
</Collection>