<?xml version="1.0" encoding="windows-1252"?>
<Collection name="Text Messaging" guid="{20202F83-0EF9-48F5-B8AA-3A5E009C231D}" system="No" updatable="Yes" blockNavigatorNode="No">
	<HelpLink></HelpLink>
	<Help></Help>
	<Addon name="Send Text Message" guid="{8028DCFC-92CE-4605-A884-4FB1C939841B}" type="Add-on">
		<Copy></Copy>
		<CopyText></CopyText>
		<ActiveXProgramID></ActiveXProgramID>
		<DotNetClass></DotNetClass>
		<ArgumentList></ArgumentList>
		<AsAjax>No</AsAjax>
		<Filter>No</Filter>
		<Help></Help>
		<HelpLink></HelpLink>
		<Icon Link="" width="0" height="0" sprites="0" />
		<InIframe>No</InIframe>
		<BlockEditTools>No</BlockEditTools>
		<FormXML></FormXML>
		<IsInline>No</IsInline>
		<JavascriptOnLoad></JavascriptOnLoad>
		<JavascriptInHead></JavascriptInHead>
		<JavascriptBodyEnd></JavascriptBodyEnd>
		<MetaDescription></MetaDescription>
		<OtherHeadTags></OtherHeadTags>
		<Content>No</Content>
		<Template>No</Template>
		<Email>No</Email>
		<Admin>No</Admin>
		<OnPageEndEvent>No</OnPageEndEvent>
		<OnPageStartEvent>No</OnPageStartEvent>
		<OnBodyStart>No</OnBodyStart>
		<OnBodyEnd>No</OnBodyEnd>
		<RemoteMethod>No</RemoteMethod>
		<ProcessRunOnce>No</ProcessRunOnce>
		<ProcessInterval>0</ProcessInterval>
		<PageTitle></PageTitle>
		<RemoteAssetLink></RemoteAssetLink>
		<Styles><![CDATA[#stWrapper
{
	width: 700px;
	margin: 50px auto;
	background-color: white;
	padding: 20px;
}
#stWrapper *
{
	font-size: 12px;
	font-face: arial;
}
#stWrapper h2
{
	font-size: 14px;
	padding: 0;
	margin: 0;
}
#stWrapper .stMessageHeader,
#stWrapper .stGroupHeader
{
	padding: 20px 0 10px 0;
}
#stWrapper #stMessage
{
	width: 600px;
	height: 40px;
	padding: 10px;
}
#stWrapper ul#stGroupList
{
	list-style-type: none;
	margin: 0;
	padding: 0;
}
#stWrapper ul#stGroupList li
{
	list-style-type: none;
	margin: 0;
	padding: 0;
	width: 400px;
	display: inline-block;
}
#stWrapper ul#stGroupList li label
{
	
}
#stWrapper ul#stGroupList li label input[type=checkbox]
{
	margin: 0 20px 0 0;
}
#stWrapper .stSendButtonRow
{
margin: 20px 0 0 0;
}
#stWrapper .stSendButtonRow a
{
	border: 1px solid #48e;
	padding: 4px;
	font-size: 12px;
	height: 20px;
	display: inline-block;
	width: 100px;
	background-color: #48e;
	color: #eee;
	font-weight: bold;
	text-decoration: none;
	text-align: center;
	height: 24px;
	vertical-align: middle;
	line-height: 24px;
	margin: 0 10px 0 0;
}
]]></Styles>
		<Scripting Language="" EntryPoint="" Timeout="5000">
			<Code><![CDATA[function m
	dim form,cs,list
	set form = cp.blockNew()
	set cs = cp.csNew()
	'
	call form.openLayout( "Send Text Message Form" )
	'
	list = ""
	if cs.open( "groups" ) then
		do
			list = vbcrlf & vbtab & "<li><label><input type=""checkbox"" name=""group" & ptr & """ value=""" & id & """>" & cs.gettext( "caption" ) & "</label></li>"
			call cs.gonext()
		loop while cs.ok
	end if
	call cs.close
	call form.setInner("#stGroupList", list )
	'
	m = form.getHtml()
end function]]></Code>
		</Scripting>
	</Addon>
</Collection>